model,rag_acc,ece,auc,full_acc,vh_acc,vh_cov,hp_acc,hp_cov
BioMistral-7B,47.0,0.21112000000000003,0.6353130338659432,46.5,64.58333333333334,24.0,54.20560747663551,53.5
Llama-3.1-8B,56.49999999999999,0.15816499999999994,0.7091304787934001,55.50000000000001,71.42857142857143,56.00000000000001,64.62585034013605,73.5
Qwen2.5-7B,58.5,0.03899999999999999,0.5597260838224694,58.5,61.62162162162163,92.5,59.183673469387756,98.0
